"t","EIR_tot"
1,139.064941546028
2,155.301922076893
3,165.396932351863
4,170.628681542779
5,172.10702601107
6,170.884658648321
7,168.001817617952
8,164.410405114734
9,160.84972689641
10,157.774926991737
11,155.372654725265
12,153.638658558728
13,152.466347629588
14,151.716417185316
15,151.258939131433
16,150.991160201002
17,150.840007378002
18,150.757385391364
19,150.713500351201
20,150.69078263408
21,150.679292655294
22,150.673602531901
23,150.670838156676
24,150.669518609924
25,150.668898785382
26,150.668611942262
27,150.66848101029
28,150.668422127152
29,150.668400273754
30,150.668436980577
31,150.66870092997
32,150.669662369574
33,150.672194475114
34,150.677498808873
35,150.68684380536
36,150.70122303629
37,150.721075080052
38,150.746159235159
39,150.775604410647
40,150.808087200288
41,150.842069258672
42,150.876027893456
43,150.908635367283
44,150.938867210255
45,150.96604136694
46,150.989802529965
47,151.010071481336
48,151.02697819859
49,151.040793489846
50,151.051868490487
51,151.06058666212
52,151.067329264695
53,151.072452996314
54,151.076277491278
55,151.079080035733
56,151.081095159476
57,151.082517189693
58,151.083504370949
59,151.084183598077
60,151.084655170632
61,151.084997237578
62,151.085269775468
63,151.085518064829
64,151.08577568114
65,151.08606704882
66,151.086409601384
67,151.086815574918
68,151.087293451691
69,151.087849059861
70,151.088486345389
71,151.089207847212
72,151.090014926322
73,151.090907816703
74,151.091885572112
75,151.092945979867
76,151.094085499085
77,151.09529926202
78,151.096581156043
79,151.097923985545
80,151.099319698773
81,151.100759656973
82,151.102234919997
83,151.103736524872
84,151.105255738021
85,151.106784267844
86,151.108314430744
87,151.109839268518
88,151.111352619719
89,151.112849150048
90,151.114324348626
91,151.115774497519
92,151.117196621684
93,151.118588425871
94,151.119948223994
95,151.121274865558
96,151.122567662529
97,151.123826319273
98,151.125050867269
99,151.126241605658
100,150.919369892495
101,136.747909846284
102,123.851626571406
103,112.182554142047
104,101.623125262111
105,92.0684344472741
106,83.4273173359628
107,75.6236356997987
108,68.5958667061591
109,62.2941394004531
110,56.6755695679365
111,51.699569761677
112,47.3244724172242
113,43.5059544538706
114,40.1970422452858
115,37.3489513441495
116,34.9101928499663
117,32.8210797776515
118,31.0118017466746
119,29.4136450672715
120,27.9755162719396
121,26.6712440671939
122,25.4948252063602
123,24.4497292090006
124,23.5394334646565
125,22.7624187636395
126,22.1112755002926
127,21.574151353729
128,21.1368965111654
129,20.7849762944097
130,20.5047831428056
131,20.2842574139546
132,20.112954852427
133,19.9818474097961
134,19.8831077380699
135,19.8099798054513
136,19.7567196875271
137,19.7185526413046
138,19.6916083449099
139,19.6728249747591
140,19.6598321611413
141,19.650828645155
142,19.6444676919436
143,19.6397577620935
144,19.635980988634
145,19.6326285732369
146,19.6293505900662
147,19.6259171340733
148,19.6221878990255
149,19.618087883511
150,19.6135877366609
151,19.608688105746
152,19.6034078721105
153,19.5977762244653
154,19.5918282354311
155,19.5856031789956
156,19.5791445536065
157,19.5725007573222
158,19.5657255878075
159,19.5588780900539
160,19.5520216273328
161,19.5452223115237
162,19.5385470615531
163,19.5320615757123
164,19.5258284543318
165,19.5199056251712
166,19.514345144794
167,19.5091923908495
168,19.5044856221802
169,19.5002558665715
170,19.4965270835151
171,19.4933165462503
172,19.4906353867684
173,19.4884892491412
174,19.4868790027834
175,19.4858014722611
176,19.4852501496311
177,19.4852158637527
178,19.4856873891395
179,19.4866519852963
180,19.488095862408
181,19.4900045744186
182,19.492363343285
183,19.4951573198047
184,19.4983717884187
185,19.5019923232041
186,19.5060049027799
187,19.5103959914391
188,19.5151525930119
189,19.5202622840506
190,19.5257132313691
191,19.5314941982321
192,19.5375945423391
193,19.5440042076484
194,19.550713712031
195,19.5577141315794
196,19.5649970822603
197,19.5725546991668
198,19.5803796135064
199,19.5884649279383
200,19.5968041904122
201,19.60539136695
202,19.6142208135673
203,19.6232872477408
204,19.6325857200951
205,19.6421115866005
206,19.6518604817578
207,19.6618282928352
208,19.6720111355539
209,19.6824053315461
210,19.6930073876355
211,19.7038139770936
212,19.7148219225825
213,19.7260281810033
214,19.7374298301716
215,19.7490240571873
216,19.7608081484006
217,19.7727794805698
218,19.7849355133708
219,19.7972737830253
220,19.8097918969417
221,19.8224875291651
222,19.83535841639
223,19.8484023546714
224,19.861617196635
225,19.8750008491742
226,19.8885512713782
227,19.9022664727002
228,19.9161445114185
229,19.9301834932896
230,19.9443815704129
231,19.9587369400476
232,19.9732478435703
233,19.9879125655272
234,20.0027294327708
235,20.0176968136413
236,20.0328131170323
237,20.0480767915582
238,20.0634863247298
239,20.0790402421931
240,20.094737106875
241,20.1105755180874
242,20.1265541106804
243,20.1426715541985
244,20.1589265520801
245,20.1753178407089
246,20.1918441885148
247,20.2085043950904
248,20.2252972903495
249,20.2422217336595
250,20.2592766128937
251,20.27646084356
252,20.2937733679463
253,20.3112131543341
254,20.3287791961135
255,20.3464705109351
256,20.3642861399112
257,20.3822251468657
258,20.4002866176055
259,20.4184696591124
260,20.436773398824
261,20.455196983943
262,20.4737395808218
263,20.4924003742737
264,20.5111785669131
265,20.5300733785506
266,20.5490840456364
267,20.5682098207291
268,20.5874499718894
269,20.6068037821564
270,20.6262705490491
271,20.6458495841363
272,20.6655402125326
273,20.6853417724231
274,20.7052536146324
275,20.7252751022404
276,20.7454056102032
277,20.7656445249118
278,20.7859912438212
279,20.8064451751004
280,20.827005737338
281,20.8476723591644
282,20.868444478914
283,20.8893215443171
284,20.9103030122399
285,20.9313883483959
286,20.9525770270251
287,20.9738685306253
288,20.9952623497079
289,21.016757982586
290,21.0383549350798
291,21.0600527202752
292,21.0818508583
293,21.1037488761484
294,21.1257463074417
295,21.147842692197
296,21.1700375766285
297,21.192330512984
298,21.2147210593692
299,21.2372087795234
300,21.2597932426439
301,21.2824740232283
302,21.3052507009484
303,21.328122860445
304,21.3510900911668
305,21.3741519872245
306,21.3973081472867
307,21.4205581744151
308,21.4439016759062
309,21.467338263162
310,21.4908675515926
311,21.5144891604962
312,21.5382027129044
313,21.5620078354663
314,21.5859041583541
315,21.6098913151821
316,21.6339689428589
317,21.6581366814838
318,21.6823941742559
319,21.7067410674164
320,21.7311770101211
321,21.7557016543409
322,21.7803146547791
323,21.8050156688233
324,21.8298043564462
325,21.8546803801064
326,21.8796434046753
327,21.9046930973914
328,21.9298291277903
329,21.9550511676066
330,21.9803588907083
331,22.0057519730523
332,22.0312300926397
333,22.0567929294202
334,22.0824401652338
335,22.1081714837667
336,22.1339865705253
337,22.1598851127479
338,22.1858667993508
339,22.2119313208866
340,22.238078369529
341,22.2643076389967
342,22.2906188245008
343,22.3170116227077
344,22.3434857317289
345,22.370040851059
346,22.3966766815246
347,22.42339292525
348,22.4501892856507
349,22.4770654673856
350,22.5040211763056
351,22.5310561194238
352,22.5581700049107
353,22.5853625420584
354,22.6126334412307
355,22.6399824138368
356,22.6674091723267
357,22.6949134301677
358,22.7224949017944
359,22.7501533025865
360,22.777888348865
361,22.8056997578769
362,22.833587247748
363,22.8615505374628
364,22.8895893468622
365,22.9177033966346
366,22.9458924082713
367,22.9741561040494
368,23.0024942070295
369,23.0309064410532
370,23.0593925307002
371,23.087952201274
372,23.116585178801
373,23.1452911900311
374,23.1740699623984
375,23.2029212240083
376,23.2318447036384
377,23.2608401307417
378,23.2899072354099
379,23.3190457483626
380,23.3482554009495
381,23.3775359251556
382,23.4068870535667
383,23.436308519361
384,23.4658000563127
385,23.4953613987978
386,23.5249922817624
387,23.554692440716
388,23.584461611737
389,23.6142995314781
390,23.6442059371378
391,23.6741805664542
392,23.7042231577141
393,23.7343334497561
394,23.7645111819453
395,23.7947560941687
396,23.8250679268462
397,23.8554464209321
398,23.8858913178924
399,23.9164023597019
400,23.9469792888573
401,23.9776218483762
402,24.0083297817773
403,24.039102833079
404,24.0699407468145
405,24.1008432680281
406,24.1318101422576
407,24.1628411155358
408,24.1939359344062
409,24.2250943459162
410,24.2563160976032
411,24.2876009374971
412,24.3189486141379
413,24.3503588765645
414,24.3818314743049
415,24.4133661573806
416,24.444962676324
417,24.4766207821641
418,24.5083402264207
419,24.5401207611103
420,24.5719621387627
421,24.6038641124043
422,24.6358264355557
423,24.6678488622403
424,24.6999311469974
425,24.7320730448654
426,24.7642743113818
427,24.7965347025956
428,24.8288539750737
429,24.8612318858872
430,24.893668192613
431,24.9261626533487
432,24.9587150267132
433,24.9913250718358
434,25.0239925483598
435,25.0567172164593
436,25.0894988368332
437,25.1223371706989
438,25.1552319797974
439,25.18818302641
440,25.2211900733475
441,25.2542528839483
442,25.2873712220853
443,25.3205448521804
444,25.3537735391912
445,25.3870570486118
446,25.4203951464846
447,25.4537875994065
448,25.4872341745184
449,25.5207346395082
450,25.5542887626247
451,25.5878963126769
452,25.6215570590272
453,25.6552707715957
454,25.6890372208758
455,25.7228561779265
456,25.7567274143701
457,25.7906507023989
458,25.8246258147885
459,25.8586525248865
460,25.8927306066138
461,25.9268598344755
462,25.961039983566
463,25.9952708295602
464,26.0295521487172
465,26.0638837178929
466,26.0982653145382
467,26.1326967166935
468,26.1671777029948
469,26.2017080526859
470,26.2362875456111
471,26.2709159622135
472,26.3055930835445
473,26.340318691271
474,26.3750925676664
475,26.4099144956134
476,26.4447842586151
477,26.4797016407951
478,26.5146664268912
479,26.5496784022611
480,26.5847373528933
481,26.6198430654006
482,26.654995327019
483,26.6901939256154
484,26.725438649694
485,26.760729288389
486,26.7960656314661
487,26.8314474693331
488,26.8668745930389
489,26.9023467942687
490,26.9378638653486
491,26.9734255992554
492,27.0090317896099
493,27.0446822306762
494,27.0803767173696
495,27.1161150452603
496,27.1518970105669
497,27.1877224101587
498,27.2235910415651
499,27.2595027029725
500,27.2954571932209
501,27.3314543118091
502,27.3674938589019
503,27.4035756353226
504,27.4396994425545
505,27.4758650827475
506,27.5120723587193
507,27.5483210739498
508,27.5846110325846
509,27.6209420394426
510,27.6573139000105
511,27.6937264204413
512,27.7301794075607
513,27.7666726688697
514,27.8032060125384
515,27.8397792474076
516,27.8763921829971
517,27.9130446295005
518,27.9497363977836
519,27.986467299388
520,28.0232371465362
521,28.0600457521244
522,28.0968929297234
523,28.1337784935856
524,28.170702258642
525,28.2076640404986
526,28.2446636554397
527,28.2817009204329
528,28.3187756531223
529,28.3558876718288
530,28.3930367955556
531,28.4302228439863
532,28.4674456374812
533,28.5047049970793
534,28.542000744503
535,28.579332702152
536,28.6167006931029
537,28.6541045411138
538,28.6915440706229
539,28.7290191067442
540,28.7665294752692
541,28.8040750026713
542,28.8416555160996
543,28.8792708433783
544,28.9169208130106
545,28.9546052541771
546,28.9923239967317
547,29.0300768712032
548,29.0678637087981
549,29.1056843413954
550,29.1435386015453
551,29.1814263224734
552,29.2193473380774
553,29.2573014829243
554,29.2952885922511
555,29.3333085019674
556,29.3713610486494
557,29.4094460695395
558,29.4475634025496
559,29.4857128862573
560,29.5238943599029
561,29.562107663391
562,29.6003526372912
563,29.6386291228327
564,29.6769369619039
565,29.7152759970553
566,29.7536460714947
567,29.7920470290851
568,29.830478714346
569,29.8689409724525
570,29.9074336492311
571,29.9459565911592
572,29.9845096453666
573,30.0230926596311
574,30.0617054823763
575,30.1003479626733
576,30.139019950238
577,30.1777212954278
578,30.2164518492412
579,30.2552114633183
580,30.2939999899364
581,30.3328172820078
582,30.3716631930817
583,30.4105375773403
584,30.4494402895959
585,30.4883711852909
586,30.5273301204973
587,30.5663169519117
588,30.6053315368545
589,30.6443737332706
590,30.6834433997249
591,30.7225403954
592,30.7616645800968
593,30.8008158142314
594,30.8399939588321
595,30.8791988755382
596,30.9184304265998
597,30.9576884748732
598,30.996972883819
599,31.0362835175027
600,31.0756202405904
601,31.1149829183465
602,31.1543714166329
603,31.1937856019072
604,31.2332253412186
605,31.2726905022069
606,31.3121809531018
607,31.3516965627183
608,31.3912372004549
609,31.4308027362935
610,31.4703930407954
611,31.5100079850985
612,31.5496474409167
613,31.5893112805377
614,31.6289993768185
615,31.668711603185
616,31.7084478336304
617,31.7482079427109
618,31.7879918055438
619,31.827799297807
620,31.8676302957348
621,31.9074846761154
622,31.9473623162902
623,31.9872630941504
624,32.0271868881344
625,32.0671335772254
626,32.1071030409504
627,32.147095159376
628,32.1871098131065
629,32.2271468832827
630,32.2672062515778
631,32.3072878001956
632,32.3473914118686
633,32.3875169698551
634,32.4276643579362
635,32.4678334604144
636,32.5080241621108
637,32.548236348362
638,32.5884699050182
639,32.6287247184411
640,32.6690006755009
641,32.7092976635731
642,32.749615570538
643,32.7899542847763
644,32.8303136951673
645,32.8706936910867
646,32.9110941624043
647,32.95151499948
648,32.9919560931632
649,33.0324173347895
650,33.0728986161778
651,33.1133998296281
652,33.1539208679197
653,33.1944616243075
654,33.2350219925203
655,33.2756018667581
656,33.3162011416897
657,33.3568197124498
658,33.3974574746371
659,33.4381143243116
660,33.4787901579915
661,33.5194848726517
662,33.5601983657208
663,33.6009305350784
664,33.6416812790531
665,33.6824504964199
666,33.7232380863974
667,33.7640439486456
668,33.8048679832634
669,33.8457100907862
670,33.8865701721833
671,33.9274481288556
672,33.968343862633
673,34.0092572757718
674,34.0501882709529
675,34.0911367512788
676,34.132102620271
677,34.1730857818682
678,34.2140861404236
679,34.2551036007023
680,34.2961380678792
681,34.3371894475362
682,34.3782576456605
683,34.4193425686412
684,34.4604441232681
685,34.5015622167284
686,34.5426967566046
687,34.5838476508726
688,34.6250148078985
689,34.666198136437
690,34.7073975456287
691,34.7486129449981
692,34.7898442444506
693,34.8310913542712
694,34.8723541851212
695,34.9136326480366
696,34.9549266544255
697,34.9962361160661
698,35.0375609451039
699,35.0789010540503
700,35.1202563557793
701,35.1616267635263
702,35.2030121908851
703,35.2444125518062
704,35.2858277605942
705,35.3272577319061
706,35.3687023807485
707,35.4101616224758
708,35.4516353727883
709,35.4931235477294
710,35.5346260636837
711,35.5761428373755
712,35.6176737858657
713,35.6592188265501
714,35.7007778771577
715,35.742350855748
716,35.7839376807093
717,35.8255382707565
718,35.8671525449291
719,35.9087804225889
720,35.9504218234186
721,35.9920766674193
722,36.0337448749082
723,36.0754263665175
724,36.1171210631918
725,36.158828886186
726,36.2005497570637
727,36.2422835976954
728,36.284030330256
729,36.3257898772232
730,36.367562161376
731,36.4093471057917
732,36.4511446338454
733,36.4929546692069
734,36.5347771358397
735,36.5766119579987
736,36.6184590602285
737,36.6603183673615
738,36.7021898045163
739,36.7440732970957
740,36.785968770785
741,36.82787615155
742,36.8697953656358
743,36.9117263395644
744,36.9536690001333
745,36.9956232744139
746,37.0375890897496
747,37.0795663737539
748,37.1215550543092
749,37.1635550595647
750,37.205566317935
751,37.2475887580984
752,37.2896223089952
753,37.3316668998259
754,37.3737224600502
755,37.4157889193848
756,37.4578662078017
757,37.4999542555276
758,37.5420529930412
759,37.5841623510721
760,37.6262822605998
761,37.6684126528511
762,37.7105534592994
763,37.7527046116631
764,37.7948660419039
765,37.8370376822252
766,37.8792194650713
767,37.9214113231251
768,37.9636131893072
769,38.0058249967744
770,38.0480466789183
771,38.0902781693635
772,38.1325194019669
773,38.1747703108159
774,38.2170308302269
775,38.2593008947443
776,38.3015804391393
777,38.3438693984076
778,38.3861677077694
779,38.4284753026673
780,38.4707921187648
781,38.513118091946
782,38.5554531583133
783,38.5977972541867
784,38.6401503161023
785,38.6825122808115
786,38.724883085279
787,38.7672626666824
788,38.8096509624106
789,38.8520479100624
790,38.894453447446
791,38.9368675125771
792,38.9792900436779
793,39.0217209791766
794,39.0641602577056
795,39.1066078181001
796,39.1490635993979
797,39.191527540838
798,39.2339995818587
799,39.2764796620977
800,39.3189677213904
801,39.3614636997685
802,39.4039675374601
803,39.4464791748874
804,39.4889985526662
805,39.5315256116053
806,39.5740602927048
807,39.6166025371551
808,39.6591522863369
809,39.7017094818189
810,39.7442740653576
811,39.7868459788963
812,39.8294251645642
813,39.8720115646745
814,39.9146051217252
815,39.9572057783968
816,39.9998134775516
817,40.0424281622335
818,40.0850497756664
819,40.1276782612532
820,40.1703135625761
821,40.2129556233939
822,40.2556043876427
823,40.2982597994345
824,40.3409218030562
825,40.3835903429687
826,40.4262653638069
827,40.4689468103775
828,40.5116346276593
829,40.5543287608023
830,40.5970291551263
831,40.6397357561205
832,40.6824485094431
833,40.7251673609196
834,40.7678922565428
835,40.8106231424722
836,40.853359965032
837,40.896102670712
838,40.9388512061661
839,40.9816055182109
840,41.0243655538264
841,41.0671312601545
842,41.1099025844978
843,41.1526794743199
844,41.1954618772445
845,41.2382497410539
846,41.2810430136895
847,41.3238416432503
848,41.3666455779923
849,41.4094547663286
850,41.4522691568278
851,41.4950886982137
852,41.5379133393653
853,41.580743029315
854,41.6235777172487
855,41.6664173525055
856,41.7092618845761
857,41.7521112631029
858,41.7949654378799
859,41.8378243588504
860,41.8806879761083
861,41.9235562398966
862,41.9664291006065
863,42.0093065087776
864,42.0521884150973
865,42.0950747703992
866,42.1379655256638
867,42.1808606320177
868,42.2237600407318
869,42.266663703223
870,42.3095715710517
871,42.3524835959219
872,42.3953997296813
873,42.43831992432
874,42.4812441319701
875,42.5241723049057
876,42.5671043955418
877,42.6100403564338
878,42.6529801402781
879,42.6959236999097
880,42.7388709883033
881,42.7818219585726
882,42.8247765639688
883,42.8677347578812
884,42.9106964938367
885,42.9536617254981
886,42.9966304066655
887,43.0396024912744
888,43.0825779333956
889,43.1255566872352
890,43.1685387071337
891,43.2115239475654
892,43.2545123631388
893,43.2975039085952
894,43.3404985388085
895,43.3834962087856
896,43.4264968736647
897,43.4695004887156
898,43.5125070093396
899,43.5555163910679
900,43.5985285895625
901,43.6415435606151
902,43.6845612601467
903,43.7275816442074
904,43.770604668976
905,43.8136302907591
906,43.8566584659916
907,43.8996891512356
908,43.9427223031799
909,43.9857578786406
910,44.0287958345596
911,44.0718361280044
912,44.1148787161688
913,44.1579235563706
914,44.2009706060533
915,44.2440198227843
916,44.2870711642547
917,44.3301245882797
918,44.3731800527974
919,44.4162375158688
920,44.4592969356775
921,44.5023582705292
922,44.545421478851
923,44.5884865191921
924,44.631553350222
925,44.6746219307313
926,44.7176922196311
927,44.7607641759519
928,44.8038377588441
929,44.8469129275779
930,44.8899896415415
931,44.9330678602424
932,44.976147543306
933,45.0192286504754
934,45.062311141612
935,45.1053949766936
936,45.1484801158152
937,45.1915665191885
938,45.2346541471411
939,45.2777429601165
940,45.3208329186741
941,45.3639239834879
942,45.4070161153471
943,45.4501092751556
944,45.493203423931
945,45.5362985228053
946,45.5793945330238
947,45.6224914159446
948,45.6655891330398
949,45.7086876458929
950,45.7517869162002
951,45.79488690577
952,45.837987576522
953,45.881088890487
954,45.9241908098073
955,45.9672932967353
956,46.0103963136339
957,46.0534998229764
958,46.0966037873449
959,46.139708169432
960,46.1828129320382
961,46.2259180380735
962,46.2690234505563
963,46.3121291326126
964,46.3552350474767
965,46.3983411584902
966,46.4414474291018
967,46.4845538228672
968,46.5276603034487
969,46.5707668346144
970,46.613873380239
971,46.6569799043023
972,46.7000863708895
973,46.7431927441914
974,46.7862989885024
975,46.8294050682222
976,46.8725109478543
977,46.9156165920056
978,46.9587219653873
979,47.001827032813
980,47.0449317591993
981,47.0880361095659
982,47.1311400490341
983,47.1742435428272
984,47.2173465562708
985,47.2604490547908
986,47.3035510039151
987,47.3466523692719
988,47.3897531165894
989,47.432853211697
990,47.475952620523
991,47.5190513090953
992,47.5621492435417
993,47.6052463900881
994,47.6483427150594
995,47.691438184879
996,47.7345327660677
997,47.7776264252448
998,47.8207191291264
999,47.8638108445259
1000,47.9069015383537
1001,47.9499911776164
1002,47.9930797294168
1003,48.0361671609543
1004,48.0792534395227
1005,48.1223385325124
1006,48.1654224074079
1007,48.2085050317886
1008,48.2515863733288
1009,48.2946663997964
1010,48.3377450790532
1011,48.3808223790548
1012,48.4238982678495
1013,48.4669727135791
1014,48.5100456844779
1015,48.5531171488721
1016,48.5961870751805
1017,48.6392554319133
1018,48.6823221876722
1019,48.7253873111502
1020,48.7684507711308
1021,48.8115125364885
1022,48.8545725761878
1023,48.8976308592829
1024,48.9406873549183
1025,48.9837420323274
1026,49.0267948608327
1027,49.0698458098458
1028,49.1128948488662
1029,49.1559419474821
1030,49.1989870753695
1031,49.2420302022916
1032,49.2850712980997
1033,49.3281103327312
1034,49.3711472762108
1035,49.4141820986495
1036,49.4572147702443
1037,49.5002452612779
1038,49.5432735421193
1039,49.5862995832216
1040,49.6293233551238
1041,49.672344828449
1042,49.7153639739049
1043,49.7583807622834
1044,49.8013951644597
1045,49.8444071513931
1046,49.8874166941258
1047,49.9304237637827
1048,49.9734283315717
1049,50.0164303687828
1050,50.0594298467879
1051,50.1024267370413
1052,50.1454210110779
1053,50.1884126405142
1054,50.2314015970476
1055,50.2743878524559
1056,50.3173713785976
1057,50.3603521474106
1058,50.4033301309128
1059,50.4463053012019
1060,50.489277630454
1061,50.5322470909248
1062,50.5752136549481
1063,50.6181772949359
1064,50.6611379833788
1065,50.7040956928444
1066,50.7470503959781
1067,50.7900020655026
1068,50.8329506742168
1069,50.8758961949971
1070,50.9188386007954
1071,50.9617778646397
1072,51.0047139596344
1073,51.0476468589583
1074,51.0905765358662
1075,51.1335029636874
1076,51.1764261158257
1077,51.2193459657595
1078,51.262262487041
1079,51.3051756532962
1080,51.3480854382246
1081,51.3909918155988
1082,51.4338947592644
1083,51.4767942431396
1084,51.5196902412147
1085,51.5625827275527
1086,51.6054716762876
1087,51.6483570616255
1088,51.6912388578435
1089,51.7341170392896
1090,51.7769915803829
1091,51.8198624556122
1092,51.8627296395368
1093,51.9055931067864
1094,51.9484528320593
1095,51.9913087901238
1096,52.034160955817
1097,52.0770093040447
1098,52.1198538097816
1099,52.1626944480699
1100,52.2055311940207
1101,52.248364022812
1102,52.2911929096895
1103,52.3340178299662
1104,52.3768387590218
1105,52.4196556723026
1106,52.4624685453214
1107,52.505277353657
1108,52.5480820729541
1109,52.5908826789227
1110,52.6336791473384
1111,52.6764714540419
1112,52.719259574938
1113,52.762043485997
1114,52.8048231632525
1115,52.8475985828026
1116,52.8903697208093
1117,52.9331365534974
1118,52.9758990571555
1119,53.0186572081349
1120,53.0614109828494
1121,53.1041603577759
1122,53.1469053094526
1123,53.1896458144803
1124,53.2323818495211
1125,53.2751133912985
1126,53.3178404165974
1127,53.3605629022636
1128,53.4032808252031
1129,53.445994162383
1130,53.48870289083
1131,53.5314069876309
1132,53.5741064299322
1133,53.6168011949395
1134,53.6594912599182
1135,53.702176602192
1136,53.7448571991434
1137,53.7875330282137
1138,53.8302040669017
1139,53.8728702927649
1140,53.9155316834179
1141,53.9581882165329
1142,54.0008398698395
1143,54.043486621124
1144,54.0861284482299
1145,54.1287653290563
1146,54.1713972415597
1147,54.2140241637517
1148,54.2566460736999
1149,54.2992629495278
1150,54.3418747694139
1151,54.3844815115917
1152,54.4270831543498
1153,54.4696796760313
1154,54.5122710550336
1155,54.5548572698084
1156,54.5974382988611
1157,54.6400141207511
1158,54.682584714091
1159,54.7251500575468
1160,54.7677101298373
1161,54.8102649097344
1162,54.8528143760624
1163,54.8953585076977
1164,54.9378972835693
1165,54.9804306826578
1166,55.0229586839953
1167,55.0654812666659
1168,55.1079984098043
1169,55.1505100925968
1170,55.19301629428
1171,55.2355169941413
1172,55.2780121715186
1173,55.3205018057998
1174,55.3629858764226
1175,55.4054643628748
1176,55.4479372446932
1177,55.4904045014646
1178,55.5328661128242
1179,55.5753220584565
1180,55.6177723180945
1181,55.6602168715197
1182,55.702655698562
1183,55.745088779099
1184,55.7875160930566
1185,55.8299376204081
1186,55.8723533411742
1187,55.9147632354229
1188,55.9571672832694
1189,55.9995654648754
1190,56.0419577604498
1191,56.084344150247
1192,56.1267246145689
1193,56.1690991337623
1194,56.2114676882205
1195,57.0377027118017
1196,53.6689441540347
1197,50.5046774424855
1198,47.530153741385
1199,44.7339487744955
1200,42.1060538074888
1201,39.6390547098397
1202,37.329388611301
1203,35.1776520321138
1204,33.187483952267
1205,31.3634509581421
1206,29.7088186526487
1207,28.2239341527833
1208,26.905509743662
1209,25.7467202191407
1210,24.7377738725859
1211,23.8659856962643
1212,23.1143861917325
1213,22.4615318849291
1214,21.8855554559764
1215,21.3699151767282
1216,20.9058605657042
1217,20.49097844896
1218,20.1257984861055
1219,19.8107883945626
1220,19.5447783747254
1221,19.3247032196043
1222,19.1460925009924
1223,19.0037781891806
1224,18.8925200219222
1225,18.8074297614798
1226,18.7441618503216
1227,18.6989166372608
1228,18.668358110334
1229,18.6495371066788
1230,18.6398558397616
1231,18.6370638945903
1232,18.6392610696451
1233,18.6448893127529
1234,18.6527084951435
1235,18.6617596399986
1236,18.6713223046242
1237,18.6808720868336
1238,18.6900420105985
1239,18.6985894814313
1240,18.7063689595526
1241,18.713309707421
1242,18.7193976543509
1243,18.7246604131131
1244,18.7291547227888
1245,18.7329559161255
1246,18.7361493433339
1247,18.7388238531554
1248,18.741067372838
1249,18.7429644243008
1250,18.7445951651513
1251,18.7460354003331
1252,18.7473570129209
1253,18.7486283888603
1254,18.7499145959457
1255,18.7512772524089
1256,18.7527741459989
1257,18.7544587229003
1258,18.7563795683704
1259,18.7585799740107
1260,18.7610976461641
1261,18.7639645747517
1262,18.7672070585642
1263,18.7708458692616
1264,18.7748965330276
1265,18.7793697057146
1266,18.7842716177651
1267,18.7896045658565
1268,18.7953674285074
1269,18.8015561861667
1270,18.8081644276867
1271,18.8151838291476
1272,18.8226045946951
1273,18.8304158521492
1274,18.8386060004255
1275,18.8471630076529
1276,18.8560746613835
1277,18.8653287736841
1278,18.8749133444136
1279,18.8848166873767
1280,18.8950275238617
1281,18.9055350483958
1282,18.9163289714817
1283,18.9273995434297
1284,18.9387375636785
1285,18.9503343790524
1286,18.9621818738925
1287,18.9742724544215
1288,18.9865990287999
1289,18.9991549845053
1290,19.0119341638658
1291,19.0249308384088
1292,19.0381396824925
1293,19.0515557463338
1294,19.0651744290576
1295,19.0789914519366
1296,19.0930028321133
1297,19.1072048569911
1298,19.1215940593631
1299,19.1361671937663
1300,19.1509212141308
1301,19.1658532529355
1302,19.1809606018503
1303,19.1962406939089
1304,19.2116910874372
1305,19.2273094516448
1306,19.2430935539176
1307,19.2590412485559
1308,19.2751504669684
1309,19.2914192093048
1310,19.3078455373548
1311,19.3244275686475
1312,19.3411634714042
1313,19.3580514604181
1314,19.3750897937256
1315,19.3922767699504
1316,19.4096107262211
1317,19.4270900363892
1318,19.4447131096909
1319,19.4624783897049
1320,19.4803843535831
1321,19.4984295114169
1322,19.5166124056475
1323,19.5349316106374
1324,19.5533857323044
1325,19.5719734078504
1326,19.5906933054027
1327,19.609544123657
1328,19.6285245915502
1329,19.6476334679293
1330,19.6668695412342
1331,19.6862316290249
1332,19.7057185775364
1333,19.7253292612117
1334,19.7450625822434
1335,19.7649174700537
1336,19.7848928806745
1337,19.8049877961613
1338,19.8252012239882
1339,19.8455321964737
1340,19.8659797700917
1341,19.8865430247843
1342,19.9072210632942
1343,19.9280130105139
1344,19.9489180128475
1345,19.9699352374738
1346,19.9910638716736
1347,20.0123031221705
1348,20.0336522145254
1349,20.0551103924775
1350,20.0766769172803
1351,20.0983510670922
1352,20.1201321363967
1353,20.1420194354673
1354,20.1640122897519
1355,20.1861100393237
1356,20.2083120383605
1357,20.2306176546809
1358,20.2530262692481
1359,20.2755372756646
1360,20.2981500797233
1361,20.3208640989881
1362,20.3436787624194
1363,20.3665935099229
1364,20.3896077919594
1365,20.412721069178
1366,20.4359328121012
1367,20.4592425007731
1368,20.4826496243988
1369,20.5061536810319
1370,20.5297541772877
1371,20.5534506280868
1372,20.5772425563263
1373,20.6011294926064
1374,20.6251109749747
1375,20.649186548715
1376,20.6733557660843
1377,20.6976181860557
1378,20.7219733740947
1379,20.7464209019649
1380,20.7709603475369
1381,20.7955912945429
1382,20.8203133323805
1383,20.8451260559299
1384,20.8700290654092
1385,20.8950219661613
1386,20.9201043684703
1387,20.9452758873968
1388,20.970536142649
1389,20.9958847584215
1390,21.0213213632145
1391,21.0468455896892
1392,21.0724570745421
1393,21.0981554583933
1394,21.1239403856132
1395,21.1498115041926
1396,21.1757684656245
1397,21.2018109248179
1398,21.2279385399526
1399,21.2541509723536
1400,21.280447886384
1401,21.306828949369
1402,21.3332938314877
1403,21.3598422056479
1404,21.3864737473927
1405,21.4131881348252
1406,21.4399850485371
1407,21.4668641714868
1408,21.4938251889163
1409,21.5208677882785
1410,21.5479916591895
1411,21.5751964933209
1412,21.602481984321
1413,21.6298478277484
1414,21.6572937210347
1415,21.6848193634001
1416,21.7124244557751
1417,21.7401087007412
1418,21.7678718024977
1419,21.7957134668021
1420,21.8236334008918
1421,21.8516313134327
1422,21.8797069144855
1423,21.9078599154698
1424,21.9360900290872
1425,21.9643969692762
1426,21.9927804511786
1427,22.0212401911208
1428,22.0497759065428
1429,22.0783873159568
1430,22.1070741389157
1431,22.1358360960038
1432,22.1646729087771
1433,22.1935842997226
1434,22.2225699922306
1435,22.2516297105893
1436,22.2807631799391
1437,22.3099701262317
1438,22.3392502762051
1439,22.368603357382
1440,22.3980290980356
1441,22.4275272271495
1442,22.4570974743962
1443,22.4867395701359
1444,22.5164532453946
1445,22.5462382318239
1446,22.5760942616833
1447,22.6060210678389
1448,22.6360183837515
1449,22.6660859434379
1450,22.6962234814557
1451,22.7264307329023
1452,22.7567074334109
1453,22.7870533191138
1454,22.8174681266297
1455,22.8479515930626
1456,22.8785034560046
1457,22.909123453501
1458,22.93981132404
1459,22.9705668065519
1460,23.0013896404167
1461,23.0322795654319
1462,23.0632363218036
1463,23.094259650147
1464,23.1253492914968
1465,23.1565049872779
1466,23.1877264792983
1467,23.2190135097504
1468,23.2503658212231
1469,23.2817831566764
1470,23.3132652594347
1471,23.3448118731893
1472,23.3764227420128
1473,23.4080976103349
1474,23.4398362229378
1475,23.4716383249602
1476,23.5035036619117
1477,23.5354319796514
1478,23.5674230243844
1479,23.5994765426669
1480,23.6315922814214
1481,23.6637699879169
1482,23.6960094097663
1483,23.7283102949338
1484,23.7606723917491
1485,23.7930954488894
1486,23.8255792153785
1487,23.8581234405952
1488,23.8907278742871
1489,23.9233922665539
1490,23.9561163678477
1491,23.9888999289833
1492,24.0217427011506
1493,24.054644435899
1494,24.0876048851394
1495,24.1206238011563
1496,24.1537009366174
1497,24.1868360445607
1498,24.2200288783971
1499,24.2532791919242
1500,24.2865867393335
1501,24.3199512751993
1502,24.3533725544825
1503,24.3868503325461
1504,24.420384365159
1505,24.4539744084874
1506,24.4876202190996
1507,24.521321553983
1508,24.5550781705441
1509,24.5888898266027
1510,24.622756280398
1511,24.6566772906058
1512,24.6906526163358
1513,24.7246820171281
1514,24.7587652529606
1515,24.7929020842661
1516,24.8270922719265
1517,24.8613355772728
1518,24.8956317620927
1519,24.9299805886475
1520,24.964381819664
1521,24.9988352183362
1522,25.0333405483361
1523,25.0678975738265
1524,25.102506059453
1525,25.1371657703476
1526,25.1718764721416
1527,25.2066379309738
1528,25.2414499134837
1529,25.276312186817
1530,25.3112245186398
1531,25.3461866771416
1532,25.3811984310316
1533,25.4162595495446
1534,25.4513698024567
1535,25.486528960083
1536,25.521736793277
1537,25.5569930734383
1538,25.5922975725266
1539,25.6276500630568
1540,25.6630503181008
1541,25.6984981112967
1542,25.7339932168606
1543,25.7695354095795
1544,25.805124464816
1545,25.8407601585197
1546,25.8764422672326
1547,25.9121705680852
1548,25.9479448388012
1549,25.9837648577111
1550,26.0196304037516
1551,26.0555412564645
1552,26.0914971960035
1553,26.1274980031461
1554,26.1635434592898
1555,26.1996333464535
1556,26.2357674472863
1557,26.2719455450759
1558,26.3081674237439
1559,26.3444328678489
1560,26.3807416625978
1561,26.4170935938483
1562,26.4534884481059
1563,26.489926012529
1564,26.5264060749403
1565,26.562928423824
1566,26.5994928483265
1567,26.6360991382624
1568,26.6727470841236
1569,26.7094364770748
1570,26.7461671089558
1571,26.7829387722902
1572,26.8197512602888
1573,26.8566043668467
1574,26.8934978865467
1575,26.9304316146691
1576,26.9674053471899
1577,27.0044188807804
1578,27.0414720128124
1579,27.0785645413659
1580,27.1156962652246
1581,27.152866983878
1582,27.1900764975288
1583,27.2273246070948
1584,27.2646111142067
1585,27.3019358212103
1586,27.3392985311756
1587,27.3766990478934
1588,27.4141371758755
1589,27.4516127203591
1590,27.4891254873125
1591,27.5266752834308
1592,27.5642619161376
1593,27.6018851935915
1594,27.6395449246862
1595,27.6772409190483
1596,27.7149729870401
1597,27.7527409397662
1598,27.7905445890691
1599,27.82838374753
1600,27.8662582284734
1601,27.9041678459688
1602,27.9421124148278
1603,27.9800917506055
1604,28.0181056696061
1605,28.0561539888804
1606,28.0942365262246
1607,28.1323531001836
1608,28.1705035300538
1609,28.2086876358798
1610,28.2469052384544
1611,28.2851561593234
1612,28.3234402207841
1613,28.3617572458834
1614,28.4001070584193
1615,28.4384894829447
1616,28.4769043447628
1617,28.5153514699279
1618,28.5538306852477
1619,28.5923418182835
1620,28.6308846973467
1621,28.6694591515001
1622,28.7080650105613
1623,28.746702105098
1624,28.7853702664279
1625,28.8240693266211
1626,28.862799118499
1627,28.9015594756319
1628,28.9403502323386
1629,28.9791712236895
1630,29.0180222855025
1631,29.0569032543417
1632,29.0958139675194
1633,29.1347542630949
1634,29.1737239798718
1635,29.2127229573971
1636,29.2517510359637
1637,29.2908080566063
1638,29.3298938610996
1639,29.36900829196
1640,29.408151192444
1641,29.447322406545
1642,29.4865217789925
1643,29.5257491552539
1644,29.5650043815297
1645,29.6042873047527
1646,29.6435977725878
1647,29.6829356334309
1648,29.7223007364052
1649,29.7616929313607
1650,29.8011120688744
1651,29.8405580002464
1652,29.8800305774981
1653,29.9195296533722
1654,29.9590550813307
1655,29.9986067155516
1656,30.0381844109276
1657,30.0777880230662
1658,30.1174174082854
1659,30.157072423612
1660,30.1967529267812
1661,30.2364587762339
1662,30.2761898311133
1663,30.3159459512643
1664,30.3557269972318
1665,30.3955328302573
1666,30.4353633122765
1667,30.4752183059188
1668,30.5150976745041
1669,30.5550012820396
1670,30.594928993219
1671,30.63488067342
1672,30.6748561887009
1673,30.7148554057985
1674,30.7548781921272
1675,30.7949244157746
1676,30.8349939454997
1677,30.875086650731
1678,30.9152024015636
1679,30.9553410687561
1680,30.9955025237287
1681,31.0356866385609
1682,31.0758932859879
1683,31.1161223393985
1684,31.1563736728328
1685,31.1966471609792
1686,31.2369426791712
1687,31.2772601033856
1688,31.3175993102393
1689,31.3579601769865
1690,31.3983425815158
1691,31.4387464023482
1692,31.4791715186333
1693,31.5196178101469
1694,31.5600851572883
1695,31.6005734410777
1696,31.6410825431521
1697,31.681612345764
1698,31.7221627317776
1699,31.762733584666
1700,31.8033247885082
1701,31.8439362279868
1702,31.8845677883844
1703,31.9252193555804
1704,31.9658908160491
1705,32.0065820568558
1706,32.0472929656541
1707,32.0880234306829
1708,32.1287733407637
1709,32.169542585297
1710,32.2103310542596
1711,32.2511386382018
1712,32.291965228244
1713,32.3328107160738
1714,32.373674993943
1715,32.4145579546645
1716,32.4554594916093
1717,32.4963794987033
1718,32.5373178704245
1719,32.5782745017997
1720,32.6192492884016
1721,32.6602421263456
1722,32.7012529122867
1723,32.7422815434166
1724,32.7833279174607
1725,32.8243919326744
1726,32.865473487841
1727,32.9065724822679
1728,32.9476888157836
1729,32.988822388735
1730,33.029973101984
1731,33.0711408569045
1732,33.1123255553792
1733,33.1535270997972
1734,33.1947453930499
1735,33.2359803385286
1736,33.2772318401214
1737,33.3184998022101
1738,33.3597841296667
1739,33.4010847278514
1740,33.4424015026083
1741,33.4837343602634
1742,33.5250832076209
1743,33.5664479519606
1744,33.6078285010345
1745,33.6492247630641
1746,33.6906366467374
1747,33.7320640612054
1748,33.77350691608
1749,33.8149651214302
1750,33.8564385877795
1751,33.8979272261026
1752,33.9394309478232
1753,33.9809496648102
1754,34.0224832893751
1755,34.0640317342692
1756,34.1055949126806
1757,34.1471727382308
1758,34.1887651249726
1759,34.230371987387
1760,34.2719932403796
1761,34.3136287992784
1762,34.3552785798313
1763,34.3969424982021
1764,34.4386204709684
1765,34.4803124151191
1766,34.5220182480507
1767,34.5637378875648
1768,34.605471251866
1769,34.6472182595582
1770,34.688978829642
1771,34.7307528815124
1772,34.7725403349559
1773,34.814341110147
1774,34.8561551276465
1775,34.8979823083987
1776,34.9398225737278
1777,34.981675845336
1778,35.023542045301
1779,35.0654210960724
1780,35.1073129204699
1781,35.1492174416806
1782,35.1911345832558
1783,35.233064269109
1784,35.2750064235132
1785,35.3169609710981
1786,35.3589278368473
1787,35.4009069460968
1788,35.4428982245315
1789,35.4849015981825
1790,35.5269169934259
1791,35.568944336979
1792,35.6109835558981
1793,35.6530345775766
1794,35.6950973297424
1795,35.7371717404547
1796,35.7792577381025
1797,35.821355251402
1798,35.8634642093939
1799,35.905584541441
1800,35.9477161772266
1801,35.9898590467513
1802,36.0320130803308
1803,36.0741782085946
1804,36.1163543624821
1805,36.1585414732413
1806,36.2007394724269
1807,36.242948291897
1808,36.2851678638115
1809,36.3273981206301
1810,36.3696389951097
1811,36.411890420302
1812,36.4541523295521
1813,36.4964246564959
1814,36.5387073350575
1815,36.5810002994481
1816,36.6233034841634
1817,36.6656168239808
1818,36.7079402539587
1819,36.7502737094337
1820,36.7926171260182
1821,36.834970439599
1822,36.8773335863355
1823,36.9197065026566
1824,36.9620891252596
1825,37.0044813911086
1826,37.0468832374313
1827,37.0892946017181
1828,37.1317154217202
1829,37.1741456354466
1830,37.2165851811634
1831,37.259033997392
1832,37.3014920229059
1833,37.3439591967299
1834,37.3864354581388
1835,37.4289207466542
1836,37.4714150020433
1837,37.513918164318
1838,37.5564301737316
1839,37.5989509707781
1840,37.6414804961903
1841,37.6840186909379
1842,37.7265654962255
1843,37.7691208534919
1844,37.8116847044075
1845,37.8542569908725
1846,37.8968376550167
1847,37.939426639196
1848,37.9820238859918
1849,38.0246293382096
1850,38.0672429388771
1851,38.1098646312418
1852,38.1524943587712
1853,38.1951320651501
1854,38.2377776942784
1855,38.2804311902716
1856,38.3230924974578
1857,38.3657615603759
1858,38.4084383237754
1859,38.4511227326147
1860,38.4938147320582
1861,38.5365142674767
1862,38.5792212844453
1863,38.6219357287412
1864,38.6646575463437
1865,38.7073866834321
1866,38.7501230863837
1867,38.7928667017738
1868,38.8356174763737
1869,38.8783753571485
1870,38.9211402912576
1871,38.9639122260522
1872,39.0066911090734
1873,39.0494768880528
1874,39.0922695109099
1875,39.1350689257505
1876,39.1778750808669
1877,39.2206879247356
1878,39.2635074060158
1879,39.3063334735493
1880,39.349166076359
1881,39.3920051636464
1882,39.4348506847924
1883,39.477702589355
1884,39.5205608270678
1885,39.5634253478403
1886,39.6062961017554
1887,39.6491730390685
1888,39.6920561102073
1889,39.7349452657698
1890,39.7778404565233
1891,39.8207416334037
1892,39.8636487475146
1893,39.9065617501249
1894,39.9494805926699
1895,39.9924052267488
1896,40.0353356041233
1897,40.0782716767182
1898,40.1212133966194
1899,40.1641607160722
1900,40.2071135874822
1901,40.2500719634127
1902,40.293035796584
1903,40.3360050398735
1904,40.3789796463136
1905,40.4219595690909
1906,40.4649447615461
1907,40.5079351771722
1908,40.5509307696138
1909,40.5939314926666
1910,40.6369373002765
1911,40.6799481465374
1912,40.7229639856928
1913,40.7659847721325
1914,40.809010460393
1915,40.8520410051568
1916,40.8950763612509
1917,40.938116483646
1918,40.9811613274566
1919,41.0242108479391
1920,41.0672650004912
1921,41.1103237406521
1922,41.1533870241003
1923,41.1964548066533
1924,41.239527044268
1925,41.2826036930378
1926,41.3256847091934
1927,41.3687700491021
1928,41.4118596692656
1929,41.454953526321
1930,41.4980515770392
1931,41.5411537783238
1932,41.5842600872114
1933,41.6273704608704
1934,41.6704848565997
1935,41.713603231829
1936,41.7567255441178
1937,41.799851751154
1938,41.8429818107545
1939,41.8861156808636
1940,41.929253319552
1941,41.9723946850178
1942,42.0155397355841
1943,42.0586884296991
1944,42.1018407259355
1945,42.1449965829898
1946,42.1881559596814
1947,42.2313188149526
1948,42.2744851078674
1949,42.3176547976107
1950,42.360827843489
1951,42.4040042049281
1952,42.4471838414733
1953,42.4903667127897
1954,42.5335527786595
1955,42.5767419989834
1956,42.6199343337793
1957,42.6631297431813
1958,42.7063281874396
1959,42.7495296269205
1960,42.7927340221044
1961,42.8359413335865
1962,42.8791515220761
1963,42.9223645483951
1964,42.9655803734787
1965,43.0087989583745
1966,43.0520202642411
1967,43.095244252349
1968,43.1384708840791
1969,43.1817001209222
1970,43.2249319244793
1971,43.2681662564602
1972,43.3114030786832
1973,43.3546423530754
1974,43.3978840416709
1975,43.4411281066111
1976,43.4843745101446
1977,43.5276232146256
1978,43.5708741825141
1979,43.614127376376
1980,43.6573827588811
1981,43.7006402928041
1982,43.7438999410237
1983,43.7871616665214
1984,43.8304254323821
1985,43.8736912017933
1986,43.916958938044
1987,43.9602286045255
1988,44.0035001647299
1989,44.0467735822498
1990,44.0900488207788
1991,44.1333258441096
1992,44.1766046161347
1993,44.2198851008459
1994,44.2631672623329
1995,44.3064510647839
1996,44.3497364724853
1997,44.39302344982
1998,44.4363119612683
1999,44.4796019714072
2000,44.5228934449093
2001,44.5661863465432
2002,44.6094806411729
2003,44.6527762937569
2004,44.6960732693487
2005,44.7393715330957
2006,44.7826710502388
2007,44.8259717861128
2008,44.8692737061447
2009,44.9125767758546
2010,44.955880960855
2011,44.9991862268494
2012,45.0424925396333
2013,45.0857998650935
2014,45.1291081692067
2015,45.1724174180405
2016,45.2157275777526
2017,45.2590386145894
2018,45.3023504948877
2019,45.3456631850723
2020,45.3889766516567
2021,45.4322908612428
2022,45.47560578052
2023,45.5189213762651
2024,45.5622376153425
2025,45.6055544647025
2026,45.6488718913824
2027,45.6921898625056
2028,45.7355083452806
2029,45.7788273070018
2030,45.8221467150486
2031,45.8654665368845
2032,45.908786740058
2033,45.9521072922014
2034,45.9954281610304
2035,46.0387493143446
2036,46.0820707200259
2037,46.1253923460392
2038,46.1687141604323
2039,46.2120361313338
2040,46.2553582269551
2041,46.2986804155887
2042,46.3420026656077
2043,46.3853249454665
2044,46.4286472236997
2045,46.4719694689218
2046,46.5152916498276
2047,46.5586137351908
2048,46.6019356938644
2049,46.6452574947808
2050,46.6885791069502
2051,46.7319004994614
2052,46.7752216414811
2053,46.8185425022535
2054,46.8618630511003
2055,46.90518325742
2056,46.9485030906879
2057,46.991822520456
2058,47.0351415163518
2059,47.0784600480791
2060,47.1217780854171
2061,47.1650955982201
2062,47.2084125564174
2063,47.251728930013
2064,47.295044689085
2065,47.338359803786
2066,47.381674244342
2067,47.4249879810522
2068,47.4683009842899
2069,47.5116132245004
2070,47.5549246722017
2071,47.5982352979849
2072,47.641545072512
2073,47.6848539665177
2074,47.728161950808
2075,47.7714689962594
2076,47.8147750738203
2077,47.8580801545092
2078,47.9013842094146
2079,47.9446872096963
2080,47.9879891265825
2081,48.0312899313718
2082,48.0745895954319
2083,48.1178880901993
2084,48.1611853871795
2085,48.2044814579462
2086,48.2477762741413
2087,48.2910698074749
2088,48.3343620297243
2089,48.3776529127346
2090,48.4209424284178
2091,48.4642305487527
2092,48.5075172457847
2093,48.5508024916258
2094,48.5940862584537
2095,48.6373685185121
2096,48.68064924411
2097,48.723928407622
2098,48.7672059814878
2099,48.810481938211
2100,48.853756250361
2101,48.8970288905705
2102,48.9402998315364
2103,48.9835690460198
2104,49.0268365068446
2105,49.0701021868981
2106,49.1133660591314
2107,49.156628096557
2108,49.1998882722509
2109,49.2431465593511
2110,49.286402931057
2111,49.3296573606308
2112,49.3729098213955
2113,49.4161602867352
2114,49.4594087300956
2115,49.5026551249827
2116,49.545899444963
2117,49.5891416636639
2118,49.6323817547719
2119,49.6756196920339
2120,49.7188554492565
2121,49.762089000305
2122,49.8053203191043
2123,49.8485493796378
2124,49.8917761559477
2125,49.9350006221349
2126,49.9782227523575
2127,50.0214425208325
2128,50.0646599018339
2129,50.1078748696933
2130,50.1510873987998
2131,50.1942974635991
2132,50.2375050385938
2133,50.2807100983431
2134,50.3239126174621
2135,50.3671125706226
2136,50.4103099325517
2137,50.4535046780321
2138,50.4966967819023
2139,50.5398862190556
2140,50.5830729644404
2141,50.6262569930597
2142,50.6694382799709
2143,50.7126168002859
2144,50.7557925291707
2145,50.7989654418446
2146,50.8421355135813
2147,50.8853027197072
2148,50.9284670356021
2149,50.971628436699
2150,51.0147868984831
2151,51.0579423964928
2152,51.1010949063182
2153,51.1442444036018
2154,51.1873908640382
2155,51.2305342633729
2156,51.2736745774038
2157,51.3168117819795
2158,51.3599458529998
2159,51.4030767664153
2160,51.4462044982273
2161,51.4893290244871
2162,51.532450321297
2163,51.5755683648086
2164,51.6186831312237
2165,51.6617945967937
2166,51.7049027378189
2167,51.7480075306496
2168,51.7911089516843
2169,51.8342069773709
2170,51.8773015842056
2171,51.920392748733
2172,51.963480447546
2173,52.0065646572853
2174,52.0496453546397
2175,52.0927225163455
2176,52.1357961191862
2177,52.1788661399928
2178,52.2219325556432
2179,52.264995343062
2180,52.3080544792209
2181,52.3511099411375
2182,52.3941617058758
2183,52.4372097505463
2184,52.4802540523047
2185,52.5232945883529
2186,52.5663313359383
2187,52.609364272353
2188,52.6523933749354
2189,52.6954186210676
2190,52.7384399881771
2191,52.7814574537363
2192,52.8244709952611
2193,52.8674805903126
2194,52.9104862164951
2195,52.9534878514574
2196,52.9964854728916
2197,53.0394790585334
2198,53.082468586162
2199,53.1254540335996
2200,53.1684353787112
2201,53.211412599405
2202,53.2543856736315
2203,53.2973545793838
2204,53.3403192946973
2205,53.3832797976492
2206,53.4262360663593
2207,53.4691880789885
2208,53.5121358137397
2209,53.5550792488572
2210,53.598018362626
2211,53.6409531333732
2212,53.6838835394661
2213,53.7268095593128
2214,53.7697311713624
2215,53.812648354104
2216,53.8555610860674
2217,53.8984693458221
2218,53.9413731119779
2219,53.9842723631841
2220,54.0271670781299
2221,54.0700572355438
2222,54.1129428141936
2223,54.1558237928863
2224,54.1987001504682
2225,54.2415718658239
2226,54.284438917877
2227,54.3273012855897
2228,54.3701589479624
2229,54.413011884034
2230,54.4558600728813
2231,54.4987034936187
2232,54.5415421253991
2233,54.5843759474125
2234,54.6272049388866
2235,54.6700290790865
2236,54.7128483473141
2237,54.7556627229089
2238,54.7984721852468
2239,54.8412767137408
2240,54.8840762878405
2241,54.9268708870315
2242,54.9696604908365
2243,55.0124450788138
2244,55.0552246305579
2245,55.0979991256992
2246,55.140768543904
2247,55.1835328648742
2248,55.2262920683469
2249,55.269046134095
2250,55.3117950419263
2251,55.3545387716837
2252,55.3972773032454
2253,55.4400106165239
2254,55.4827386914668
2255,55.5254615080561
2256,55.5681790463082
2257,55.6108912862739
2258,55.6535982080381
2259,55.6962997917195
2260,55.7389960174713
2261,55.7816868654798
2262,55.8243723159657
2263,55.8670523491824
2264,55.9097269454172
2265,55.9523960849909
2266,55.9950597482568
2267,56.0377179156018
2268,56.0803705674455
2269,56.1230176842402
2270,56.1656592464712
2271,56.208295234656
2272,56.2509256293447
2273,56.2935504111197
2274,56.3361695605956
2275,56.3787830584192
2276,56.421390885269
2277,56.4639930218557
2278,56.5065894489214
2279,56.5491801472399
2280,56.591765097617
2281,56.6343442808892
2282,56.6769176779246
2283,56.7194852696227
2284,56.7620470369136
2285,56.8046029607589
2286,56.8471530221505
2287,56.8896972021115
2288,56.9322354816957
2289,56.9747678419867
2290,57.8331538262288
2291,54.4251433849974
2292,51.2159237273022
2293,48.1991643061813
2294,45.3632732695772
2295,42.6980867239807
2296,40.1960597794568
2297,37.8535444034247
2298,35.6711129771523
2299,33.6524369859536
2300,31.802147405825
2301,30.1235724023177
2302,28.6170904664776
2303,27.2793966938025
2304,26.1035959682118
2305,25.0797764236056
2306,24.1950489679292
2307,23.4320449235193
2308,22.7686731435843
2309,22.1824006778486
2310,21.6562755062725
2311,21.1815366148391
2312,20.756069249842
2313,20.3808189627715
2314,20.0566186762022
2315,19.7825276286214
2316,19.5555633053012
2317,19.3712234894919
2318,19.2242372852439
2319,19.1092284204898
2320,19.0211655543961
2321,18.9555673198665
2322,18.908511490234
2323,18.876554374489
2324,18.8566542715078
2325,18.8461359330148
2326,18.8426862002152
2327,18.8443559547443
2328,18.8495505561999
2329,18.8570036942987
2330,18.8657385480355
2331,18.8750232017906
2332,18.8843264402461
2333,18.8932777508287
2334,18.901633215391
2335,18.9092473947913
2336,18.9160505052764
2337,18.9220298662596
2338,18.9272146029581
2339,18.9316628394626
2340,18.9354509653808
2341,18.938664915765
2342,18.9413935813901
2343,18.9437244022869
2344,18.945740975839
2345,18.9475222430865
2346,18.9491426647919
2347,18.9506728013508
2348,18.9521798477006
2349,18.9537278723986
2350,18.9553776986403
2351,18.9571864987399
2352,18.9592072354293
2353,18.9614880853626
2354,18.9640719505332
2355,18.9669961187874
2356,18.9702920963705
2357,18.9739856093907
2358,18.9780967559519
2359,18.9826402863748
2360,18.9876259852018
2361,18.9930591291941
2362,18.9989409960397
2363,19.0052693992228
2364,19.0120392279087
2365,19.0192429724213
2366,19.0268712204166
2367,19.0349131127216
2368,19.0433567513825
2369,19.0521895568487
2370,19.0613985732553
2371,19.0709707234356
2372,19.0808930166559
2373,19.0911527127249
2374,19.1017374474847
2375,19.1126353244816
2376,19.1238349779816
2377,19.1353256123323
2378,19.1470970220749
2379,19.1591395974369
2380,19.1714443187831
2381,19.1840027431112
2382,19.1968069849726
2383,19.2098496933559
2384,19.2231240261724
2385,19.2366236231228
2386,19.2503425776034
2387,19.2642754080313
2388,19.2784170287416
2389,19.2927627210366
2390,19.3073081045291
2391,19.3220491090844
2392,19.3369819474866
2393,19.3521030889888
2394,19.3674092341908
2395,19.3828972913252
2396,19.3985643541794
2397,19.4144076815866
2398,19.4304246786174
2399,19.4466128796366
2400,19.4629699331468
2401,19.4794935884476
2402,19.4961816838165
2403,19.5130321362829
2404,19.5300429329117
2405,19.5472121234359
2406,19.5645378141438
2407,19.5820181626649
2408,19.5996513737544
2409,19.6174356958919
2410,19.6353694185913
2411,19.6534508702804
2412,19.671678416511
2413,19.69005045863
2414,19.7085654327461
2415,19.727221808982
2416,19.7460180908302
2417,19.7649528145864
2418,19.7840245489299
2419,19.8032318945675
2420,19.8225734839671
2421,19.8420479809804
2422,19.8616540804926
2423,19.8813905080849
2424,19.9012560196984
2425,19.9212494012904
2426,19.9413694683391
2427,19.9616150653822
2428,19.981985065526
2429,20.0024783699668
2430,20.0230939074238
2431,20.0438306334969
2432,20.0646875300496
2433,20.0856636045744
2434,20.1067578895852
2435,20.1279694418822
2436,20.1492973418404
2437,20.170740692708
2438,20.1922986199319
2439,20.2139702704721
2440,20.2357548120395
2441,20.2576514323962
2442,20.2796593386703
2443,20.3017777567284
2444,20.3240059304773
2445,20.3463431211868
2446,20.3687886068582
2447,20.3913416816317
2448,20.4140016552249
2449,20.4367678522995
2450,20.4596396119026
2451,20.4826162869343
2452,20.505697243677
2453,20.5288818612757
2454,20.5521695312312
2455,20.575559656945
2456,20.5990516532982
2457,20.6226449462644
2458,20.646338972453
2459,20.6701331787193
2460,20.6940270217974
2461,20.7180199679864
2462,20.742111492786
2463,20.766301080542
2464,20.7905882241349
2465,20.814972424699
2466,20.8394531913578
2467,20.8640300408979
2468,20.8887024975007
2469,20.9134700924905
2470,20.9383323641276
2471,20.9632888573383
2472,20.9883391234672
2473,21.0134827200574
2474,21.0387192106649
2475,21.0640481646596
2476,21.0894691569888
2477,21.1149817679854
2478,21.1405855831928
2479,21.1662801932215
2480,21.1920651935351
2481,21.2179401842759
2482,21.2439047701055
2483,21.2699585600838
2484,21.2961011675018
2485,21.3223322097113
2486,21.3486513079853
2487,21.3750580874016
2488,21.4015521767269
2489,21.428133208251
2490,21.4548008176633
2491,21.4815546439414
2492,21.508394329269
2493,21.5353195188894
2494,21.5623298609902
2495,21.5894250066014
2496,21.6166046095273
2497,21.643868326234
2498,21.6712158157346
2499,21.6986467395008
2500,21.7261607613973
2501,21.7537575476057
2502,21.7814367665119
2503,21.8091980886284
2504,21.8370411865296
2505,21.8649657348051
2506,21.8929714099548
2507,21.9210578903184
2508,21.9492248560152
2509,21.9774719889116
2510,22.0057989725358
2511,22.0342054920085
2512,22.0626912339892
2513,22.09125588665
2514,22.1198991396131
2515,22.1486206838817
2516,22.1774202117932
2517,22.2062974169942
2518,22.235251994401
2519,22.2642836401308
2520,22.2933920514618
2521,22.3225769268072
2522,22.3518379656954
2523,22.3811748687041
2524,22.4105873374247
2525,22.4400750744379
2526,22.4696377833055
2527,22.4992751685125
2528,22.5289869354339
2529,22.5587727903118
2530,22.5886324402549
2531,22.6185655931908
2532,22.6485719578331
2533,22.6786512436623
2534,22.7088031609275
2535,22.7390274206112
2536,22.7693237343965
2537,22.7996918146501
2538,22.8301313744265
2539,22.8606421274434
2540,22.891223788049
2541,22.9218760712082
2542,22.9525986925071
2543,22.9833913681382
2544,23.0142538148685
2545,23.045185750028
2546,23.0761868915146
2547,23.1072569577876
2548,23.1383956678364
2549,23.169602741172
2550,23.2008778978314
2551,23.2322208583776
2552,23.2636313438707
2553,23.2951090758604
2554,23.326653776391
2555,23.3582651680067
2556,23.3899429737241
2557,23.4216869170265
2558,23.4534967218698
2559,23.4853721126908
2560,23.5173128143819
2561,23.5493185522875
2562,23.5813890522095
2563,23.613524040419
2564,23.6457232436327
2565,23.6779863890105
2566,23.7103132041625
2567,23.7427034171612
2568,23.7751567565207
2569,23.8076729511955
2570,23.8402517305878
2571,23.8728928245616
2572,23.9055959634229
2573,23.9383608779197
2574,23.9711872992512
2575,24.0040749590808
2576,24.0370235895193
2577,24.0700329231249
2578,24.1031026929145
2579,24.1362326323759
2580,24.1694224754521
2581,24.2026719565434
2582,24.2359808105194
2583,24.2693487727297
2584,24.3027755789908
2585,24.3362609655887
2586,24.369804669292
2587,24.4034064273617
2588,24.4370659775391
2589,24.4707830580494
2590,24.5045574076168
2591,24.5383887654715
2592,24.5722768713395
2593,24.6062214654477
2594,24.6402222885395
2595,24.6742790818795
2596,24.7083915872456
2597,24.7425595469345
2598,24.7767827037788
2599,24.8110608011484
2600,24.8453935829453
2601,24.8797807936093
2602,24.9142221781367
2603,24.9487174820777
2604,24.983266451534
2605,25.0178688331662
2606,25.052524374211
2607,25.0872328224772
2608,25.1219939263451
2609,25.1568074347748
2610,25.1916730973232
2611,25.2265906641372
2612,25.2615598859557
2613,25.2965805141192
2614,25.3316523005848
2615,25.3667749979179
2616,25.4019483592968
2617,25.4371721385235
2618,25.4724460900349
2619,25.5077699688957
2620,25.5431435308035
2621,25.5785665321023
2622,25.614038729788
2623,25.649559881504
2624,25.6851297455468
2625,25.7207480808809
2626,25.7564146471392
2627,25.7921292046214
2628,25.8278915143006
2629,25.8637013378382
2630,25.8995584375802
2631,25.935462576558
2632,25.9714135184969
2633,26.0074110278287
2634,26.0434548696855
2635,26.0795448099037
2636,26.1156806150333
2637,26.1518620523465
2638,26.1880888898324
2639,26.2243608962017
2640,26.2606778408982
2641,26.2970394941015
2642,26.3334456267247
2643,26.369896010419
2644,26.4063904175866
2645,26.4429286213783
2646,26.4795103956938
2647,26.5161355151878
2648,26.5528037552808
2649,26.5895148921547
2650,26.6262687027545
2651,26.6630649647969
2652,26.6999034567766
2653,26.7367839579616
2654,26.7737062483972
2655,26.8106701089157
2656,26.8476753211369
2657,26.8847216674664
2658,26.9218089311002
2659,26.958936896034
2660,26.9961053470602
2661,27.0333140697682
2662,27.0705628505505
2663,27.1078514766094
2664,27.1451797359523
2665,27.182547417394
2666,27.2199543105646
2667,27.2574002059106
2668,27.2948848946925
2669,27.3324081689878
2670,27.3699698216991
2671,27.407569646551
2672,27.4452074380898
2673,27.4828829916884
2674,27.5205961035512
2675,27.5583465707099
2676,27.596134191025
2677,27.6339587631919
2678,27.6718200867414
2679,27.7097179620366
2680,27.7476521902759
2681,27.7856225734987
2682,27.8236289145821
2683,27.8616710172401
2684,27.899748686028
2685,27.9378617263451
2686,27.9760099444304
2687,28.0141931473638
2688,28.0524111430711
2689,28.0906637403224
2690,28.1289507487298
2691,28.1672719787494
2692,28.2056272416856
2693,28.2440163496864
2694,28.282439115743
2695,28.3208953536941
2696,28.3593848782248
2697,28.3979075048638
2698,28.4364630499842
2699,28.4750513308067
2700,28.5136721653964
2701,28.5523253726611
2702,28.5910107723532
2703,28.629728185071
2704,28.668477432254
2705,28.7072583361832
2706,28.7460707199837
2707,28.784914407622
2708,28.8237892239028
2709,28.8626949944708
2710,28.9016315458114
2711,28.9405987052464
2712,28.9795963009328
2713,29.0186241618649
2714,29.0576821178719
2715,29.0967699996147
2716,29.1358876385856
2717,29.1750348671097
2718,29.2142115183402
2719,29.2534174262568
2720,29.2926524256669
2721,29.331916352203
2722,29.3712090423194
2723,29.4105303332915
2724,29.4498800632161
2725,29.4892580710072
2726,29.5286641963937
2727,29.56809827992
2728,29.6075601629432
2729,29.6470496876297
2730,29.6865666969538
2731,29.7261110346976
2732,29.7656825454469
2733,29.8052810745881
2734,29.8449064683086
2735,29.8845585735939
2736,29.9242372382233
2737,29.9639423107692
2738,30.0036736405956
2739,30.043431077854
2740,30.0832144734807
2741,30.1230236791959
2742,30.1628585475012
2743,30.2027189316746
2744,30.2426046857699
2745,30.2825156646145
2746,30.3224517238054
2747,30.362412719706
2748,30.4023985094454
2749,30.4424089509143
2750,30.4824439027619
2751,30.5225032243933
2752,30.5625867759676
2753,30.6026944183936
2754,30.6428260133271
2755,30.6829814231689
2756,30.723160511061
2757,30.763363140883
2758,30.8035891772502
2759,30.8438384855103
2760,30.8841109317396
2761,30.9244063827398
2762,30.9647247060364
2763,31.0050657698736
2764,31.0454294432119
2765,31.085815595725
2766,31.1262240977968
2767,31.166654820517
2768,31.2071076356786
2769,31.2475824157753
2770,31.2880790339965
2771,31.3285973642251
2772,31.3691372810339
2773,31.4096986596823
2774,31.4502813761124
2775,31.4908853069461
2776,31.5315103294819
2777,31.5721563216905
2778,31.6128231622121
2779,31.6535107303529
2780,31.6942189060815
2781,31.7349475700249
2782,31.7756966034663
2783,31.81646588834
2784,31.8572553072289
2785,31.8980647433608
2786,31.9388940806047
2787,31.9797432034674
2788,32.0206119970895
2789,32.0615003472429
2790,32.1024081403258
2791,32.1433352633605
2792,32.1842816039887
2793,32.2252470504688
2794,32.2662314916716
2795,32.3072348170775
2796,32.348256916772
2797,32.3892976814429
2798,32.4303570023761
2799,32.4714347714527
2800,32.5125308811446
2801,32.5536452245116
2802,32.5947776951974
2803,32.6359281874261
2804,32.6770965959987
2805,32.7182828162894
2806,32.7594867442422
2807,32.8007082763671
2808,32.8419473097367
2809,32.8832037419823
2810,32.9244774712909
2811,32.9657683964013
2812,33.0070764166002
2813,33.0484014317194
2814,33.0897433421316
2815,33.1311020487475
2816,33.1724774530112
2817,33.2138694568981
2818,33.2552779629102
2819,33.2967028740732
2820,33.3381440939327
2821,33.379601526551
2822,33.4210750765035
2823,33.4625646488748
2824,33.5040701492561
2825,33.5455914837411
2826,33.5871285589225
2827,33.6286812818891
2828,33.670249560222
2829,33.7118333019911
2830,33.7534324157518
2831,33.7950468105422
2832,33.8366763958787
2833,33.8783210817532
2834,33.9199807786297
2835,33.9616553974413
2836,34.003344849586
2837,34.0450490469243
2838,34.0867679017755
2839,34.1285013269142
2840,34.1702492355674
2841,34.2120115414116
2842,34.2537881585682
2843,34.2955790016018
2844,34.3373839855164
2845,34.379203025752
2846,34.4210360381812
2847,34.4628829391074
2848,34.5047436452598
2849,34.5466180737915
2850,34.5885061422763
2851,34.6304077687052
2852,34.672322871483
2853,34.7142513694265
2854,34.7561931817604
2855,34.7981482281142
2856,34.84011642852
2857,34.882097703409
2858,34.9240919736084
2859,34.9660991603384
2860,35.0081191852102
2861,35.0501519702218
2862,35.0921974377556
2863,35.1342555105758
2864,35.1763261118255
2865,35.2184091650229
2866,35.2605045940601
2867,35.3026123231991
2868,35.3447322770688
2869,35.3868643806634
2870,35.4290085593388
2871,35.4711647388097
2872,35.5133328451476
2873,35.5555128047779
2874,35.5977045444763
2875,35.6399079913673
2876,35.6821230729214
2877,35.7243497169517
2878,35.7665878516119
2879,35.808837405394
2880,35.8510983071248
2881,35.8933704859639
2882,35.9356538714016
2883,35.9779483932558
2884,36.0202539816691
2885,36.0625705671075
2886,36.1048980803572
2887,36.1472364525218
2888,36.1895856150209
2889,36.2319454995871
2890,36.2743160382633
2891,36.3166971634008
2892,36.3590888076575
2893,36.4014909039939
2894,36.4439033856726
2895,36.4863261862553
2896,36.5287592395999
2897,36.5712024798591
2898,36.6136558414784
2899,36.6561192591926
2900,36.6985926680247
2901,36.7410760032839
2902,36.7835692005625
2903,36.8260721957338
2904,36.8685849249516
2905,36.9111073246459
2906,36.9536393315222
2907,36.9961808825591
2908,37.0387319150064
2909,37.0812923663822
2910,37.1238621744722
2911,37.1664412773274
2912,37.2090296132606
2913,37.251627120847
2914,37.2942337389203
2915,37.336849406571
2916,37.3794740631456
2917,37.4221076482441
2918,37.464750101717
2919,37.5074013636653
2920,37.5500613744382
2921,37.5927300746299
2922,37.6354074050794
2923,37.6780933068684
2924,37.7207877213186
2925,37.7634905899909
2926,37.806201854684
2927,37.8489214574311
2928,37.8916493404994
2929,37.934385446389
2930,37.9771297178293
2931,38.0198820977788
2932,38.0626425294236
2933,38.1054109561748
2934,38.1481873216672
2935,38.1909715697586
2936,38.2337636445269
2937,38.2765634902692
2938,38.3193710515007
2939,38.3621862729521
2940,38.4050090995688
2941,38.4478394765097
2942,38.4906773491447
2943,38.5335226630537
2944,38.576375364026
2945,38.6192353980577
2946,38.6621027113502
2947,38.7049772503101
2948,38.7478589615464
2949,38.7907477918696
2950,38.8336436882909
2951,38.87654659802
2952,38.9194564684639
2953,38.9623732472262
2954,39.0052968821053
2955,39.0482273210924
2956,39.0911645123721
2957,39.1341084043192
2958,39.1770589454981
2959,39.2200160846622
2960,39.2629797707519
2961,39.305949952893
2962,39.3489265803969
2963,39.3919096027583
2964,39.4348989696537
2965,39.4778946309415
2966,39.52089653666
2967,39.5639046370256
2968,39.6069188824334
2969,39.6499392234547
2970,39.6929656108358
2971,39.735997995498
2972,39.7790363285357
2973,39.8220805612147
2974,39.865130644973
2975,39.9081865314182
2976,39.9512481723262
2977,39.9943155196415
2978,40.0373885254756
2979,40.080467142105
2980,40.1235513219718
2981,40.1666410176818
2982,40.209736182003
2983,40.2528367678661
2984,40.2959427283623
2985,40.3390540167423
2986,40.3821705864164
2987,40.4252923909526
2988,40.4684193840755
2989,40.5115515196667
2990,40.5546887517626
2991,40.5978310345534
2992,40.6409783223835
2993,40.6841305697496
2994,40.7272877312993
2995,40.7704497618319
2996,40.8136166162962
2997,40.8567882497897
2998,40.8999646175587
2999,40.9431456749963
3000,40.986331377642
3001,41.0295216811816
3002,41.0727165414454
3003,41.1159159144072
3004,41.1591197561849
3005,41.2023280230385
3006,41.2455406713691
3007,41.2887576577197
3008,41.3319789387725
3009,41.3752044713494
3010,41.418434212411
3011,41.4616681190555
3012,41.5049061485177
3013,41.54814825817
3014,41.5913944055191
3015,41.634644548207
3016,41.6778986440104
3017,41.7211566508386
3018,41.7644185267338
3019,41.8076842298711
3020,41.8509537185557
3021,41.894226951224
3022,41.9375038864428
3023,41.9807844829075
3024,42.0240686994422
3025,42.0673564949997
3026,42.110647828659
3027,42.1539426596264
3028,42.1972409472345
3029,42.2405426509404
3030,42.2838477303264
3031,42.3271561450993
3032,42.3704678550885
3033,42.4137828202467
3034,42.4571010006492
3035,42.500422356492
3036,42.5437468480929
3037,42.58707443589
3038,42.6304050804406
3039,42.6737387424222
3040,42.7170753826302
3041,42.760414961978
3042,42.8037574414972
3043,42.8471027823358
3044,42.8904509457578
3045,42.9338018931438
3046,42.9771555859891
3047,43.0205119859033
3048,43.0638710546113
3049,43.1072327539502
3050,43.1505970458708
3051,43.1939638924366
3052,43.2373332558224
3053,43.2807050983147
3054,43.3240793823113
3055,43.3674560703195
3056,43.410835124957
3057,43.4542165089511
3058,43.4976001851369
3059,43.5409861164589
3060,43.5843742659687
3061,43.6277645968253
3062,43.6711570722947
3063,43.7145516557491
3064,43.7579483106662
3065,43.8013470006294
3066,43.844747689327
3067,43.8881503405509
3068,43.9315549181979
3069,43.9749613862673
3070,44.0183697088617
3071,44.0617798501864
3072,44.1051917745479
3073,44.1486054463548
3074,44.1920208301169
3075,44.2354378904439
3076,44.278856592046
3077,44.3222768997335
3078,44.3656987784149
3079,44.4091221930984
3080,44.4525471088902
3081,44.495973490994
3082,44.5394013047116
3083,44.5828305154415
3084,44.6262610886784
3085,44.669692990014
3086,44.7131261851347
3087,44.7565606398228
3088,44.7999963199554
3089,44.8434331915037
3090,44.8868712205331
3091,44.9303103732029
3092,44.9737506157648
3093,45.0171919145638
3094,45.0606342360373
3095,45.104077546714
3096,45.147521813215
3097,45.1909670022518
3098,45.2344130806267
3099,45.2778600152327
3100,45.3213091227691
3101,42.2394960439059
3102,36.5539530449253
3103,30.8312322734962
3104,26.3151572259235
3105,22.5960864576428
3106,19.2841707508164
3107,16.3100860440156
3108,13.6734693698595
3109,11.3909374096843
3110,9.47323987929735
3111,7.91326733618033
3112,6.68607011987194
3113,5.75254051333452
3114,5.07038846278644
3115,4.60375007211478
3116,4.32427531723514
3117,4.21063044035191
3118,4.24688395362378
3119,4.42111970583792
3120,4.72505170871964
3121,5.15297600682625
3122,5.7005739306972
3123,6.3692340597892
3124,7.16096410721205
3125,8.07227346904322
3126,9.10182991408985
3127,10.2569768246888
3128,11.5577260234655
3129,13.0294572923826
3130,14.6874450041213
3131,15.9036894351123
3132,16.2659284393342
3133,16.0145411910614
3134,15.5130542335187
3135,14.7624167744581
3136,13.713489522722
3137,12.4382047409095
3138,11.0511754992429
3139,9.6695148900581
3140,8.3877138925727
3141,7.26610304297466
3142,6.33271141368924
3143,5.59009230297708
3144,5.02717925157063
3145,4.62999265188315
3146,4.38548277671493
3147,4.2829437826021
3148,4.31372054328223
3149,4.47070725755702
3150,4.74859701791951
3151,5.14337387354924
3152,5.65156563968484
3153,6.27460106212848
3154,7.01428066449805
3155,7.86706504600108
3156,8.83133160728576
3157,9.91358648517696
3158,11.1323120694471
3159,12.511239674227
3160,14.0649709359723
3161,15.2011817644446
3162,15.5303115527155
3163,15.2793992707381
3164,14.792828149989
3165,14.073513684859
3166,13.0747652197611
3167,11.8632247874954
3168,10.546304351881
3169,9.23452069095449
3170,8.01678555927302
3171,6.950378206236
3172,6.06210920897856
3173,5.35476007367029
3174,4.81813433077586
3175,4.43916180495468
3176,4.20575405317022
3177,4.10797189678673
3178,4.13777501210587
3179,4.28858071908529
3180,4.55545615188716
3181,4.93469117580883
3182,5.42308931882246
3183,6.02210969223146
3184,6.73354821257511
3185,7.55416086247872
3186,8.48254000118899
3187,9.52502936130259
3188,10.6994237786237
3189,12.0286377865364
3190,13.5270530332915
3191,15.1894961817986
3192,16.9891694265566
3193,18.8835742633931
3194,20.8236857789244
3195,22.7620900527313
3196,24.6581318623433
3197,26.48004203522
3198,28.2049505514165
3199,29.817794551664
3200,31.3098548980669
3201,32.6773368527977
3202,33.9201612412048
3203,35.040999232692
3204,36.0445187935572
3205,36.9367971645378
3206,37.7248611083807
3207,38.4163242151385
3208,39.0191017822777
3209,39.5411898348676
3210,39.9904971519124
3211,40.3747220219356
3212,40.7012658140489
3213,40.9771761144159
3214,41.2091131850527
3215,41.4033336408103
3216,41.565686400242
3217,41.701617578619
3218,41.8161825714483
3219,41.9140641578264
3220,41.9995941379676
3221,42.0767736576615
3222,42.1492856744422
3223,42.2204938222398
3224,42.2934254034813
3225,42.3707412087555
3226,42.45469922911
3227,42.5471215605878
3228,42.6493732606314
3229,42.7623590739757
3230,42.8865402908416
3231,43.0219702987001
3232,43.1683448556123
3233,43.3250616999137
3234,43.4912841584848
3235,43.6660039711759
3236,43.8480997481414
3237,44.0363888560386
3238,44.2296713927117
3239,44.426766032161
3240,44.6265380352152
3241,44.8279200565147
3242,45.0299267149476
3243,45.2316638339928
3244,45.4323333068878
3245,45.6312344726315
3246,45.8277627630517
3247,46.0214063085375
3248,46.2117410690343
3249,46.3984249693457
3250,46.5811914176246
3251,46.7598425222474
3252,46.9342422440602
3253,47.10430965562
3254,47.2700124486327
3255,47.4313607588928
3256,47.5884013602909
3257,47.7412122487407
3258,47.8898976014953
3259,48.0345831079508
3260,48.1754116459607
3261,48.312539283915
3262,48.4461316044735
3263,48.5763603361104
3264,48.70340030022
3265,48.8274266801627
3266,48.9486126156181
3267,49.0671271350046
3268,49.1831334235133
3269,49.2967874239123
3270,49.4082367612354
3271,49.5176199707029
3272,49.625066007562
3273,49.7306940094665
3274,49.8346132796985
3275,49.9369234582077
3276,50.0377148469995
3277,50.1370688573564
3278,50.2350585481017
3279,50.3317492284034
3280,50.4271990990495
3281,50.5214599122355
3282,50.614577632192
3283,50.7065930809932
3284,50.7975425601884
3285,50.887458438104
3286,50.9763696973239
3287,51.0643024392316
3288,51.1512803418714
3289,51.2373250720705
3290,51.3224566514868
3291,51.406693777795
3292,51.4900541040457
3293,51.5725544775244
3294,51.6542111417523
3295,51.7350399044677
3296,51.8150562741999
3297,51.8942755692291
3298,51.9727130013093
3299,52.0503837373416
3300,52.1273029419259
3301,52.2034858030749
3302,52.2789475440066
3303,52.3537034231175
3304,52.4277687243417
3305,52.5011587400619
3306,52.5738887481669
3307,52.6459739850784
3308,52.7174296161293
3309,52.7882707045049
3310,52.8585121799675
3311,52.9281688081287
3312,52.9972551610975
3313,53.0657855900894
3314,53.1337742003576
3315,53.2012348288814
3316,53.2681810249001
3317,53.3346260334307
3318,53.4005827818267
3319,53.4660638692074
3320,53.5310815587711
3321,53.5956477727472
3322,53.6597740897925
3323,53.7234717447101
3324,53.7867516301196
3325,53.8496242999713
3326,53.9120999746164
3327,53.9741885471559
3328,54.0358995909778
3329,54.0972423681235
3330,54.1582258383933
3331,54.2188586690023
3332,54.2791492445407
3333,54.3391056772391
3334,54.3987358172719
3335,54.4580472630621
3336,54.5170473715143
3337,54.5757432679941
3338,54.6341418561244
3339,54.6922498272357
3340,54.7500736694678
3341,54.8076196765398
3342,54.8648939560601
3343,54.9219024374853
3344,54.9786508796404
3345,55.0351448778121
3346,55.0913898704849
3347,55.1473911456268
3348,55.2031538466371
3349,55.2586829779221
3350,55.3139834101029
3351,55.3690598849478
3352,55.4239170199541
3353,55.4785593126797
3354,55.5329911448156
3355,55.587216785991
3356,55.6412403974051
3357,55.6950660352186
3358,55.7486976537856
3359,55.802139108727
3360,55.8553941598249
3361,55.9084664738243
3362,55.961359627078
3363,56.0140771080962
3364,56.0666223200066
3365,56.1189985828939
3366,56.1712091360946
3367,56.2232571403868
3368,56.2751456801211
3369,56.3268777652985
3370,56.3784563335616
3371,56.4298842521619
3372,56.4811643198499
3373,56.5322992687229
3374,56.5832917660358
3375,56.6341444159407
3376,56.6848597612103
3377,56.7354402848977
3378,56.7858884119575
3379,56.8362065108382
3380,56.8863968950091
3381,56.9364618244737
3382,56.9864035072246
3383,57.0362241006626
3384,57.085925712989
3385,57.9885947507425
3386,54.6035793916699
3387,51.3898980245768
3388,48.3684963148735
3389,45.5278222962803
3390,42.857733326547
3391,40.3506832631696
3392,38.0030140106875
3393,35.815305456525
3394,33.7912754330315
3395,31.9356432407353
3396,30.251853775943
3397,28.7404088564338
3398,27.3981141538651
3399,26.2181599111441
3400,25.19070320881
3401,24.3029949859263
3402,23.5378857733274
3403,22.8733079854499
3404,22.2864185271092
3405,21.7596620458116
3406,21.2838072201031
3407,20.8565923310472
3408,20.4790991655137
3409,20.1524341378723
3410,19.8759333659976
3411,19.6468223127397
3412,19.4607173366512
3413,19.3123904812004
3414,19.1964590516381
3415,19.1078585110926
3416,19.042059289285
3417,18.995081031327
3418,18.9634165305739
3419,18.9439610056296
3420,18.9339824306894
3421,18.9311212355579
3422,18.933393761268
3423,18.9391821084775
3424,18.9472061916836
3425,18.9564826863151
3426,18.9662783425633
3427,18.9760640400958
3428,18.985473477068
3429,18.9942681001995
3430,19.0023083445487
3431,19.0095303864255
3432,19.0159273193167
3433,19.0215336821843
3434,19.0264125164722
3435,19.03064452169
3436,19.0343192361573
3437,19.0375283735335
3438,19.0403613939236
3439,19.0429031501011
3440,19.0452331784072
3441,19.0474260233134
3442,19.0495519810882
3443,19.0516777839952
3444,19.053866954937
3445,19.0561797623093
3446,19.0586728483843
3447,19.0613986734205
3448,19.0644049227349
3449,19.0677339904747
3450,19.0714226108002
3451,19.0755016647872
3452,19.0799961633256
3453,19.0849253900072
3454,19.0903031800338
3455,19.0961383096501
3456,19.1024349680777
3457,19.1091932849127
3458,19.1164098868034
3459,19.1240784592973
3460,19.1321902939773
3461,19.1407348041006
3462,19.1496999971772
3463,19.1590728969449
3464,19.168839910823
3465,19.1789871426432
3466,19.1895006521112
3467,19.2003666644937
3468,19.2115717348534
3469,19.2231028715691
3470,19.2349476248237
3471,19.2470941453413
3472,19.2595312187804
3473,19.2722482807474
3474,19.2852354167053
3475,19.2984833510207
3476,19.3119834282277
3477,19.3257275890616
3478,19.3397083430499
3479,19.3539187387874
3480,19.3683523330981
3481,19.3830031595471
3482,19.3978656967638
3483,19.4129348367522
3484,19.428205853346
3485,19.4436743712832
3486,19.4593363360156
3487,19.4751879845509
3488,19.4912258173775
3489,19.5074465717059
3490,19.5238471963707
3491,19.5404248284598
3492,19.5571767718563
3493,19.5741004775472
3494,19.591193525863
3495,19.6084536107028
3496,19.6258785256415
3497,19.6434661518939
3498,19.6612144477955
3499,19.6791214398938
3500,19.6971852154807
3501,19.7154039164181
3502,19.7337757341073
3503,19.7522989052761
3504,19.7709717086776
3505,19.7897924624922
3506,19.8087595223533
3507,19.8278712798045
3508,19.8471261610426
3509,19.8665226260253
3510,19.8860591678021
3511,19.9057343120685
3512,19.9255466167333
3513,19.945494671554
3514,19.9655770978618
3515,19.9857925483173
3516,20.006139706713
3517,20.0266172876325
3518,20.0472240361385
3519,20.0679587274441
3520,20.0888201665813
3521,20.1098071880165
3522,20.1309186551351
3523,20.1521534597503
3524,20.1735105215752
3525,20.1949887877089
3526,20.2165872320012
3527,20.2383048543819
3528,20.2601406802
3529,20.2820937595558
3530,20.3041631666456
3531,20.3263479989834
3532,20.3486473766684
3533,20.3710604416557
3534,20.3935863570695
3535,20.4162243064748
3536,20.4389734931114
3537,20.4618331391863
3538,20.4848024851874
3539,20.5078807892513
3540,20.5310673264519
3541,20.5543613881385
3542,20.5777622813123
3543,20.6012693280538
3544,20.624881864951
3545,20.6485992424882
3546,20.6724208245066
3547,20.6963459876915
3548,20.7203741211214
3549,20.7445046257496
3550,20.7687369139302
3551,20.7930704089816
3552,20.8175045447973
3553,20.8420387654577
3554,20.8666725248015
3555,20.8914052860599
3556,20.916236521513
3557,20.9411657121971
3558,20.9661923475435
3559,20.9913159250571
3560,21.0165359500223
3561,21.0418519352519
3562,21.0672634008187
3563,21.0927698737572
3564,21.1183708878144
3565,21.1440659832203
3566,21.1698547064935
3567,21.1957366101767
3568,21.2217112526148
3569,21.2477781977514
3570,21.2739370149653
3571,21.3001872788661
3572,21.3265285690825
3573,21.3529604700854
3574,21.3794825710345
3575,21.4060944656349
3576,21.4327957519358
3577,21.4595860321744
3578,21.4864649126328
3579,21.5134320035297
3580,21.54048691885
3581,21.567629276198
3582,21.5948586966686
3583,21.6221748047517
3584,21.6495772282069
3585,21.6770655979187
3586,21.7046395477848
3587,21.7322987146225
3588,21.7600427380863
3589,21.7878712605295
3590,21.8157839269051
3591,21.8437803846773
3592,21.8718602837638
3593,21.9000232764187
3594,21.928269017138
3595,21.956597162581
3596,21.9850073715209
3597,22.0134993047594
3598,22.0420726250329
3599,22.0707269969441
3600,22.0994620869146
3601,22.1282775631308
3602,22.1571730954519
3603,22.1861483553506
3604,22.2152030158663
3605,22.2443367515751
3606,22.2735492385051
3607,22.302840154083
3608,22.3322091770903
3609,22.3616559876458
3610,22.3911802671368
3611,22.4207816981671
3612,22.4504599645181
3613,22.4802147511366
3614,22.510045744085
3615,22.5399526304891
3616,22.5699350985051
3617,22.5999928373081
3618,22.6301255370616
3619,22.6603328888653
3620,22.6906145847272
3621,22.7209703175514
3622,22.7513997811249
3623,22.7819026700657
3624,22.8124786798003
3625,22.8431275065504
3626,22.8738488473318
3627,22.9046423999073
3628,22.9355078627662
3629,22.9664449351119
3630,22.9974533168684
3631,23.02853270864
3632,23.0596828116913
3633,23.0909033279374
3634,23.1221939599537
3635,23.1535544109438
3636,23.1849843847201
3637,23.216483585696
3638,23.2480517188972
3639,23.2796884899383
3640,23.3113936050033
3641,23.3431667708395
3642,23.3750076947708
3643,23.4069160846802
3644,23.4388916489921
3645,23.4709340966669
3646,23.503043137215
3647,23.5352184806867
3648,23.567459837653
3649,23.5997669192039
3650,23.6321394369645
